-- MySQL Script generated by MySQL Workbench
-- Mon Feb 24 14:16:42 2020
-- Model: New Model    Version: 1.0
-- MySQL Workbench Forward Engineering

SET @OLD_UNIQUE_CHECKS=@@UNIQUE_CHECKS, UNIQUE_CHECKS=0;
SET @OLD_FOREIGN_KEY_CHECKS=@@FOREIGN_KEY_CHECKS, FOREIGN_KEY_CHECKS=0;
SET @OLD_SQL_MODE=@@SQL_MODE, SQL_MODE='ONLY_FULL_GROUP_BY,STRICT_TRANS_TABLES,NO_ZERO_IN_DATE,NO_ZERO_DATE,ERROR_FOR_DIVISION_BY_ZERO,NO_ENGINE_SUBSTITUTION';

-- -----------------------------------------------------
-- Schema library
-- -----------------------------------------------------

-- -----------------------------------------------------
-- Schema library
-- -----------------------------------------------------
CREATE SCHEMA IF NOT EXISTS library DEFAULT CHARACTER SET utf8 ;
USE library ;

-- -----------------------------------------------------
-- Table library.HALL
-- -----------------------------------------------------
CREATE TABLE IF NOT EXISTS library.HALL (
  ID INT NOT NULL AUTO_INCREMENT,
  SHORT_NM VARCHAR(50) NOT NULL,
  FULL_NM VARCHAR(200) NOT NULL,
  PRIMARY KEY (ID),
  UNIQUE INDEX SHORT_NM_UNIQUE (SHORT_NM ASC) VISIBLE,
  UNIQUE INDEX FULL_NM_UNIQUE (FULL_NM ASC) VISIBLE)
ENGINE = InnoDB;


-- -----------------------------------------------------
-- Table library.SHELVE
-- -----------------------------------------------------
CREATE TABLE IF NOT EXISTS library.SHELVE (
  ID INT NOT NULL AUTO_INCREMENT,
  SHELVE_IDX SMALLINT(1) UNSIGNED NOT NULL,
  HALL_ID INT NOT NULL,
  PRIMARY KEY (ID, HALL_ID),
  INDEX fk_SHELVE_HALL1_idx (HALL_ID ASC) VISIBLE,
  CONSTRAINT fk_SHELVE_HALL1
    FOREIGN KEY (HALL_ID)
    REFERENCES library.HALL (ID)
    ON DELETE NO ACTION
    ON UPDATE NO ACTION)
ENGINE = InnoDB;


-- -----------------------------------------------------
-- Table library.BOOK
-- -----------------------------------------------------
CREATE TABLE IF NOT EXISTS library.BOOK (
  ID INT NOT NULL AUTO_INCREMENT,
  NAME VARCHAR(300) NOT NULL,
  PART TINYINT(1) UNSIGNED ZEROFILL NULL,
  ISBN VARCHAR(26) NOT NULL,
  YEAR SMALLINT(1) NOT NULL,
  PRIMARY KEY (ID),
  UNIQUE INDEX ISBN_UNIQUE (ISBN ASC) INVISIBLE,
  INDEX BOOK_UNIQ (NAME ASC, PART ASC, YEAR ASC) VISIBLE)
ENGINE = InnoDB;


-- -----------------------------------------------------
-- Table library.SHELVE_has_BOOK
-- -----------------------------------------------------
CREATE TABLE IF NOT EXISTS library.SHELVE_has_BOOK (
  SHELVE_ID INT NOT NULL,
  BOOK_ID INT NOT NULL,
  INSTANCES_LEFT SMALLINT(1) UNSIGNED NOT NULL,
  PRIMARY KEY (SHELVE_ID, BOOK_ID),
  INDEX fk_SHELVE_has_BOOK_BOOK1_idx (BOOK_ID ASC) VISIBLE,
  INDEX fk_SHELVE_has_BOOK_SHELVE1_idx (SHELVE_ID ASC) VISIBLE,
  CONSTRAINT fk_SHELVE_has_BOOK_SHELVE1
    FOREIGN KEY (SHELVE_ID)
    REFERENCES library.SHELVE (ID)
    ON DELETE NO ACTION
    ON UPDATE NO ACTION,
  CONSTRAINT fk_SHELVE_has_BOOK_BOOK1
    FOREIGN KEY (BOOK_ID)
    REFERENCES library.BOOK (ID)
    ON DELETE NO ACTION
    ON UPDATE NO ACTION)
ENGINE = InnoDB;


-- -----------------------------------------------------
-- Table library.COUNTRY
-- -----------------------------------------------------
CREATE TABLE IF NOT EXISTS library.COUNTRY (
  ID INT NOT NULL AUTO_INCREMENT,
  SHORT_NM VARCHAR(10) NOT NULL,
  FULL_NM VARCHAR(50) NOT NULL,
  PRIMARY KEY (ID),
  UNIQUE INDEX SHORT_NM_UNIQUE (SHORT_NM ASC) VISIBLE,
  UNIQUE INDEX FULL_NM_UNIQUE (FULL_NM ASC) VISIBLE)
ENGINE = InnoDB;


-- -----------------------------------------------------
-- Table library.AUTHOR
-- -----------------------------------------------------
CREATE TABLE IF NOT EXISTS library.AUTHOR (
  ID INT NOT NULL AUTO_INCREMENT,
  FIRST_NAME VARCHAR(50) NOT NULL,
  LAST_NAME VARCHAR(50) NOT NULL,
  PATRONYMIC VARCHAR(50) NULL,
  BIRTH_DATE DATE NULL,
  COUNTRY_ID INT NOT NULL,
  PRIMARY KEY (ID),
  INDEX fk_AUTHOR_COUNTRY1_idx (COUNTRY_ID ASC) VISIBLE,
  CONSTRAINT fk_AUTHOR_COUNTRY1
    FOREIGN KEY (COUNTRY_ID)
    REFERENCES library.COUNTRY (ID)
    ON DELETE NO ACTION
    ON UPDATE NO ACTION)
ENGINE = InnoDB;


-- -----------------------------------------------------
-- Table library.BOOK_has_AUTHOR
-- -----------------------------------------------------
CREATE TABLE IF NOT EXISTS library.BOOK_has_AUTHOR (
  BOOK_ID INT NOT NULL,
  AUTHOR_ID INT NOT NULL,
  PRIMARY KEY (BOOK_ID, AUTHOR_ID),
  INDEX fk_BOOK_has_AUTHOR_AUTHOR1_idx (AUTHOR_ID ASC) VISIBLE,
  INDEX fk_BOOK_has_AUTHOR_BOOK1_idx (BOOK_ID ASC) VISIBLE,
  CONSTRAINT fk_BOOK_has_AUTHOR_BOOK1
    FOREIGN KEY (BOOK_ID)
    REFERENCES library.BOOK (ID)
    ON DELETE NO ACTION
    ON UPDATE NO ACTION,
  CONSTRAINT fk_BOOK_has_AUTHOR_AUTHOR1
    FOREIGN KEY (AUTHOR_ID)
    REFERENCES library.AUTHOR (ID)
    ON DELETE NO ACTION
    ON UPDATE NO ACTION)
ENGINE = InnoDB;


SET SQL_MODE=@OLD_SQL_MODE;
SET FOREIGN_KEY_CHECKS=@OLD_FOREIGN_KEY_CHECKS;
SET UNIQUE_CHECKS=@OLD_UNIQUE_CHECKS;

-- -----------------------------------------------------
-- Data for table library.HALL
-- -----------------------------------------------------
START TRANSACTION;
USE library;
INSERT INTO library.HALL (ID, SHORT_NM, FULL_NM) VALUES (1, 'Зал1', 'Зал 1');
INSERT INTO library.HALL (ID, SHORT_NM, FULL_NM) VALUES (2, 'Зал2', 'Зал 2');
INSERT INTO library.HALL (ID, SHORT_NM, FULL_NM) VALUES (3, 'Зал3', 'Зал 3');
INSERT INTO library.HALL (ID, SHORT_NM, FULL_NM) VALUES (4, 'Зал4', 'Зал 4');

COMMIT;


-- -----------------------------------------------------
-- Data for table library.SHELVE
-- -----------------------------------------------------
START TRANSACTION;
USE library;
INSERT INTO library.SHELVE (ID, SHELVE_IDX, HALL_ID) VALUES (1, 1, 1);
INSERT INTO library.SHELVE (ID, SHELVE_IDX, HALL_ID) VALUES (2, 2, 1);
INSERT INTO library.SHELVE (ID, SHELVE_IDX, HALL_ID) VALUES (3, 3, 1);
INSERT INTO library.SHELVE (ID, SHELVE_IDX, HALL_ID) VALUES (4, 1, 2);
INSERT INTO library.SHELVE (ID, SHELVE_IDX, HALL_ID) VALUES (5, 2, 2);
INSERT INTO library.SHELVE (ID, SHELVE_IDX, HALL_ID) VALUES (6, 3, 2);
INSERT INTO library.SHELVE (ID, SHELVE_IDX, HALL_ID) VALUES (7, 4, 2);
INSERT INTO library.SHELVE (ID, SHELVE_IDX, HALL_ID) VALUES (8, 1, 3);
INSERT INTO library.SHELVE (ID, SHELVE_IDX, HALL_ID) VALUES (9, 2, 3);
INSERT INTO library.SHELVE (ID, SHELVE_IDX, HALL_ID) VALUES (10, 1, 4);
INSERT INTO library.SHELVE (ID, SHELVE_IDX, HALL_ID) VALUES (11, 2, 4);

COMMIT;


-- -----------------------------------------------------
-- Data for table library.BOOK
-- -----------------------------------------------------
START TRANSACTION;
USE library;
INSERT INTO library.BOOK (ID, NAME, PART, ISBN, YEAR) VALUES (1, 'Война и Мир', 1, '9785170904686', 1867);
INSERT INTO library.BOOK (ID, NAME, PART, ISBN, YEAR) VALUES (2, 'Война и Мир', 2, '9785170904687', 1867);
INSERT INTO library.BOOK (ID, NAME, PART, ISBN, YEAR) VALUES (3, 'Война и Мир', 3, '9785170904688', 1867);
INSERT INTO library.BOOK (ID, NAME, PART, ISBN, YEAR) VALUES (4, 'Война и Мир', 4, '9785170904689', 1867);
INSERT INTO library.BOOK (ID, NAME, PART, ISBN, YEAR) VALUES (5, 'Мертвые души', 1, '8543135987653', 1842);
INSERT INTO library.BOOK (ID, NAME, PART, ISBN, YEAR) VALUES (6, 'Анна Каренина', NULL, '7456715134894', 1877);
INSERT INTO library.BOOK (ID, NAME, PART, ISBN, YEAR) VALUES (7, 'Голем', NULL, '4564546581355', 1915);
INSERT INTO library.BOOK (ID, NAME, PART, ISBN, YEAR) VALUES (8, 'Пикник на обочине', NULL, '4568132146231', 1972);
INSERT INTO library.BOOK (ID, NAME, PART, ISBN, YEAR) VALUES (9, 'Ведьмак: Последнее желание', 1, '5453135151351', 1993);
INSERT INTO library.BOOK (ID, NAME, PART, ISBN, YEAR) VALUES (10, 'Ведьмак: Меч предназначения', 2, '8941358135152', 1992);
INSERT INTO library.BOOK (ID, NAME, PART, ISBN, YEAR) VALUES (11, 'Ведьмак: Кровь Эльфов', 3, '4564813151833', 1994);
INSERT INTO library.BOOK (ID, NAME, PART, ISBN, YEAR) VALUES (12, 'Ведьмак: Час презрения', 4, '4896138435123', 1995);
INSERT INTO library.BOOK (ID, NAME, PART, ISBN, YEAR) VALUES (13, 'Ведьмак: Крещение огнем', 5, '4835874321215', 1996);
INSERT INTO library.BOOK (ID, NAME, PART, ISBN, YEAR) VALUES (14, 'Ведьмак: Башня ласточки', 6, '7894511843512', 1997);
INSERT INTO library.BOOK (ID, NAME, PART, ISBN, YEAR) VALUES (15, 'Ведьмак: Владычица озера', 7, '8983213545355', 1998);
INSERT INTO library.BOOK (ID, NAME, PART, ISBN, YEAR) VALUES (16, 'Ведьмак: Сезон гроз', 8, '1238486176522', 2013);
INSERT INTO library.BOOK (ID, NAME, PART, ISBN, YEAR) VALUES (17, 'Евгений Онегин', NULL, '8454652853545', 1833);
INSERT INTO library.BOOK (ID, NAME, PART, ISBN, YEAR) VALUES (18, 'Автостопом по галактике', NULL, '5468541564543', 1979);
INSERT INTO library.BOOK (ID, NAME, PART, ISBN, YEAR) VALUES (19, 'Двухсотлетний человек', NULL, '4568461355483', 1976);
INSERT INTO library.BOOK (ID, NAME, PART, ISBN, YEAR) VALUES (20, 'Я, Робот', NULL, '4568454318435', 1950);
INSERT INTO library.BOOK (ID, NAME, PART, ISBN, YEAR) VALUES (21, 'Трудно быть богом', NULL, '8743284984565', 1963);
INSERT INTO library.BOOK (ID, NAME, PART, ISBN, YEAR) VALUES (22, 'Под куполом', NULL, '4568846135468', 2009);
INSERT INTO library.BOOK (ID, NAME, PART, ISBN, YEAR) VALUES (23, 'Оно', NULL, '8746465432143', 1986);
INSERT INTO library.BOOK (ID, NAME, PART, ISBN, YEAR) VALUES (24, 'Посторонний', NULL, '8965434546545', 1942);
INSERT INTO library.BOOK (ID, NAME, PART, ISBN, YEAR) VALUES (25, 'Чума', NULL, '4864535468845', 1947);
INSERT INTO library.BOOK (ID, NAME, PART, ISBN, YEAR) VALUES (26, 'Машина времени', NULL, '8974315645586', 1895);
INSERT INTO library.BOOK (ID, NAME, PART, ISBN, YEAR) VALUES (27, 'Загадочная история Бенджамина Баттона', NULL, '4644846512545', 1922);
INSERT INTO library.BOOK (ID, NAME, PART, ISBN, YEAR) VALUES (28, 'Таинственная история Билли Миллигана', NULL, '8978421384658', 1981);
INSERT INTO library.BOOK (ID, NAME, PART, ISBN, YEAR) VALUES (29, '1984', NULL, '8798798423546', 1949);
INSERT INTO library.BOOK (ID, NAME, PART, ISBN, YEAR) VALUES (30, 'Мы', NULL, '8974546787435', 1920);
INSERT INTO library.BOOK (ID, NAME, PART, ISBN, YEAR) VALUES (31, 'Анна Каренина', NULL, '7861328464652', 2016);
INSERT INTO library.BOOK (ID, NAME, PART, ISBN, YEAR) VALUES (32, 'Анна Каренина', NULL, '3154954654355', 2018);
INSERT INTO library.BOOK (ID, NAME, PART, ISBN, YEAR) VALUES (33, 'Автостопом по галактике', NULL, '6564564646548', 2019);
INSERT INTO library.BOOK (ID, NAME, PART, ISBN, YEAR) VALUES (34, '1984', NULL, '9846513212455', 2016);
INSERT INTO library.BOOK (ID, NAME, PART, ISBN, YEAR) VALUES (35, '1984', NULL, '8798463212225', 2019);
INSERT INTO library.BOOK (ID, NAME, PART, ISBN, YEAR) VALUES (36, 'Оно', NULL, '1567984654865', 2018);
INSERT INTO library.BOOK (ID, NAME, PART, ISBN, YEAR) VALUES (37, 'Война и Мир', 1, '8632465454652', 2018);
INSERT INTO library.BOOK (ID, NAME, PART, ISBN, YEAR) VALUES (38, 'Война и Мир', 1, '2165467865413', 2019);
INSERT INTO library.BOOK (ID, NAME, PART, ISBN, YEAR) VALUES (39, 'Война и Мир', 2, '7564154564462', 2008);
INSERT INTO library.BOOK (ID, NAME, PART, ISBN, YEAR) VALUES (40, 'Война и Мир', 2, '9784651321564', 2019);
INSERT INTO library.BOOK (ID, NAME, PART, ISBN, YEAR) VALUES (41, 'Война и Мир', 3, '8946132154658', 2016);
INSERT INTO library.BOOK (ID, NAME, PART, ISBN, YEAR) VALUES (42, 'Война и Мир', 4, '7845611599892', 2019);
INSERT INTO library.BOOK (ID, NAME, PART, ISBN, YEAR) VALUES (43, 'Война и Мир', 1, '7854613216578', 2005);
INSERT INTO library.BOOK (ID, NAME, PART, ISBN, YEAR) VALUES (44, 'Война и Мир', 4, '4567864546784', 2016);

COMMIT;


-- -----------------------------------------------------
-- Data for table library.SHELVE_has_BOOK
-- -----------------------------------------------------
START TRANSACTION;
USE library;
INSERT INTO library.SHELVE_has_BOOK (SHELVE_ID, BOOK_ID, INSTANCES_LEFT) VALUES (8, 1, 81);
INSERT INTO library.SHELVE_has_BOOK (SHELVE_ID, BOOK_ID, INSTANCES_LEFT) VALUES (4, 1, 11);
INSERT INTO library.SHELVE_has_BOOK (SHELVE_ID, BOOK_ID, INSTANCES_LEFT) VALUES (7, 1, 32);
INSERT INTO library.SHELVE_has_BOOK (SHELVE_ID, BOOK_ID, INSTANCES_LEFT) VALUES (10, 1, 96);
INSERT INTO library.SHELVE_has_BOOK (SHELVE_ID, BOOK_ID, INSTANCES_LEFT) VALUES (1, 1, 31);
INSERT INTO library.SHELVE_has_BOOK (SHELVE_ID, BOOK_ID, INSTANCES_LEFT) VALUES (2, 1, 63);
INSERT INTO library.SHELVE_has_BOOK (SHELVE_ID, BOOK_ID, INSTANCES_LEFT) VALUES (5, 2, 75);
INSERT INTO library.SHELVE_has_BOOK (SHELVE_ID, BOOK_ID, INSTANCES_LEFT) VALUES (11, 2, 55);
INSERT INTO library.SHELVE_has_BOOK (SHELVE_ID, BOOK_ID, INSTANCES_LEFT) VALUES (7, 2, 54);
INSERT INTO library.SHELVE_has_BOOK (SHELVE_ID, BOOK_ID, INSTANCES_LEFT) VALUES (7, 3, 96);
INSERT INTO library.SHELVE_has_BOOK (SHELVE_ID, BOOK_ID, INSTANCES_LEFT) VALUES (10, 3, 28);
INSERT INTO library.SHELVE_has_BOOK (SHELVE_ID, BOOK_ID, INSTANCES_LEFT) VALUES (4, 3, 5);
INSERT INTO library.SHELVE_has_BOOK (SHELVE_ID, BOOK_ID, INSTANCES_LEFT) VALUES (7, 4, 14);
INSERT INTO library.SHELVE_has_BOOK (SHELVE_ID, BOOK_ID, INSTANCES_LEFT) VALUES (11, 4, 5);
INSERT INTO library.SHELVE_has_BOOK (SHELVE_ID, BOOK_ID, INSTANCES_LEFT) VALUES (3, 4, 29);
INSERT INTO library.SHELVE_has_BOOK (SHELVE_ID, BOOK_ID, INSTANCES_LEFT) VALUES (2, 4, 48);
INSERT INTO library.SHELVE_has_BOOK (SHELVE_ID, BOOK_ID, INSTANCES_LEFT) VALUES (9, 5, 50);
INSERT INTO library.SHELVE_has_BOOK (SHELVE_ID, BOOK_ID, INSTANCES_LEFT) VALUES (6, 6, 51);
INSERT INTO library.SHELVE_has_BOOK (SHELVE_ID, BOOK_ID, INSTANCES_LEFT) VALUES (8, 6, 24);
INSERT INTO library.SHELVE_has_BOOK (SHELVE_ID, BOOK_ID, INSTANCES_LEFT) VALUES (5, 6, 26);
INSERT INTO library.SHELVE_has_BOOK (SHELVE_ID, BOOK_ID, INSTANCES_LEFT) VALUES (10, 6, 42);
INSERT INTO library.SHELVE_has_BOOK (SHELVE_ID, BOOK_ID, INSTANCES_LEFT) VALUES (2, 6, 88);
INSERT INTO library.SHELVE_has_BOOK (SHELVE_ID, BOOK_ID, INSTANCES_LEFT) VALUES (11, 7, 80);
INSERT INTO library.SHELVE_has_BOOK (SHELVE_ID, BOOK_ID, INSTANCES_LEFT) VALUES (6, 7, 64);
INSERT INTO library.SHELVE_has_BOOK (SHELVE_ID, BOOK_ID, INSTANCES_LEFT) VALUES (4, 7, 12);
INSERT INTO library.SHELVE_has_BOOK (SHELVE_ID, BOOK_ID, INSTANCES_LEFT) VALUES (7, 7, 54);
INSERT INTO library.SHELVE_has_BOOK (SHELVE_ID, BOOK_ID, INSTANCES_LEFT) VALUES (7, 8, 44);
INSERT INTO library.SHELVE_has_BOOK (SHELVE_ID, BOOK_ID, INSTANCES_LEFT) VALUES (5, 8, 53);
INSERT INTO library.SHELVE_has_BOOK (SHELVE_ID, BOOK_ID, INSTANCES_LEFT) VALUES (1, 8, 41);
INSERT INTO library.SHELVE_has_BOOK (SHELVE_ID, BOOK_ID, INSTANCES_LEFT) VALUES (3, 8, 18);
INSERT INTO library.SHELVE_has_BOOK (SHELVE_ID, BOOK_ID, INSTANCES_LEFT) VALUES (2, 8, 33);
INSERT INTO library.SHELVE_has_BOOK (SHELVE_ID, BOOK_ID, INSTANCES_LEFT) VALUES (10, 8, 21);
INSERT INTO library.SHELVE_has_BOOK (SHELVE_ID, BOOK_ID, INSTANCES_LEFT) VALUES (4, 8, 21);
INSERT INTO library.SHELVE_has_BOOK (SHELVE_ID, BOOK_ID, INSTANCES_LEFT) VALUES (11, 8, 83);
INSERT INTO library.SHELVE_has_BOOK (SHELVE_ID, BOOK_ID, INSTANCES_LEFT) VALUES (9, 9, 46);
INSERT INTO library.SHELVE_has_BOOK (SHELVE_ID, BOOK_ID, INSTANCES_LEFT) VALUES (10, 9, 53);
INSERT INTO library.SHELVE_has_BOOK (SHELVE_ID, BOOK_ID, INSTANCES_LEFT) VALUES (1, 10, 16);
INSERT INTO library.SHELVE_has_BOOK (SHELVE_ID, BOOK_ID, INSTANCES_LEFT) VALUES (8, 10, 87);
INSERT INTO library.SHELVE_has_BOOK (SHELVE_ID, BOOK_ID, INSTANCES_LEFT) VALUES (3, 10, 31);
INSERT INTO library.SHELVE_has_BOOK (SHELVE_ID, BOOK_ID, INSTANCES_LEFT) VALUES (7, 10, 31);
INSERT INTO library.SHELVE_has_BOOK (SHELVE_ID, BOOK_ID, INSTANCES_LEFT) VALUES (9, 10, 55);
INSERT INTO library.SHELVE_has_BOOK (SHELVE_ID, BOOK_ID, INSTANCES_LEFT) VALUES (6, 10, 21);
INSERT INTO library.SHELVE_has_BOOK (SHELVE_ID, BOOK_ID, INSTANCES_LEFT) VALUES (4, 10, 44);
INSERT INTO library.SHELVE_has_BOOK (SHELVE_ID, BOOK_ID, INSTANCES_LEFT) VALUES (10, 10, 13);
INSERT INTO library.SHELVE_has_BOOK (SHELVE_ID, BOOK_ID, INSTANCES_LEFT) VALUES (4, 11, 96);
INSERT INTO library.SHELVE_has_BOOK (SHELVE_ID, BOOK_ID, INSTANCES_LEFT) VALUES (2, 11, 86);
INSERT INTO library.SHELVE_has_BOOK (SHELVE_ID, BOOK_ID, INSTANCES_LEFT) VALUES (8, 11, 84);
INSERT INTO library.SHELVE_has_BOOK (SHELVE_ID, BOOK_ID, INSTANCES_LEFT) VALUES (1, 11, 83);
INSERT INTO library.SHELVE_has_BOOK (SHELVE_ID, BOOK_ID, INSTANCES_LEFT) VALUES (9, 11, 88);
INSERT INTO library.SHELVE_has_BOOK (SHELVE_ID, BOOK_ID, INSTANCES_LEFT) VALUES (6, 11, 42);
INSERT INTO library.SHELVE_has_BOOK (SHELVE_ID, BOOK_ID, INSTANCES_LEFT) VALUES (4, 12, 82);
INSERT INTO library.SHELVE_has_BOOK (SHELVE_ID, BOOK_ID, INSTANCES_LEFT) VALUES (5, 12, 49);
INSERT INTO library.SHELVE_has_BOOK (SHELVE_ID, BOOK_ID, INSTANCES_LEFT) VALUES (1, 12, 7);
INSERT INTO library.SHELVE_has_BOOK (SHELVE_ID, BOOK_ID, INSTANCES_LEFT) VALUES (2, 12, 19);
INSERT INTO library.SHELVE_has_BOOK (SHELVE_ID, BOOK_ID, INSTANCES_LEFT) VALUES (10, 12, 65);
INSERT INTO library.SHELVE_has_BOOK (SHELVE_ID, BOOK_ID, INSTANCES_LEFT) VALUES (9, 12, 29);
INSERT INTO library.SHELVE_has_BOOK (SHELVE_ID, BOOK_ID, INSTANCES_LEFT) VALUES (8, 13, 94);
INSERT INTO library.SHELVE_has_BOOK (SHELVE_ID, BOOK_ID, INSTANCES_LEFT) VALUES (4, 14, 45);
INSERT INTO library.SHELVE_has_BOOK (SHELVE_ID, BOOK_ID, INSTANCES_LEFT) VALUES (1, 14, 27);
INSERT INTO library.SHELVE_has_BOOK (SHELVE_ID, BOOK_ID, INSTANCES_LEFT) VALUES (10, 14, 49);
INSERT INTO library.SHELVE_has_BOOK (SHELVE_ID, BOOK_ID, INSTANCES_LEFT) VALUES (5, 14, 34);
INSERT INTO library.SHELVE_has_BOOK (SHELVE_ID, BOOK_ID, INSTANCES_LEFT) VALUES (11, 14, 100);
INSERT INTO library.SHELVE_has_BOOK (SHELVE_ID, BOOK_ID, INSTANCES_LEFT) VALUES (9, 14, 61);
INSERT INTO library.SHELVE_has_BOOK (SHELVE_ID, BOOK_ID, INSTANCES_LEFT) VALUES (7, 14, 83);
INSERT INTO library.SHELVE_has_BOOK (SHELVE_ID, BOOK_ID, INSTANCES_LEFT) VALUES (8, 14, 25);
INSERT INTO library.SHELVE_has_BOOK (SHELVE_ID, BOOK_ID, INSTANCES_LEFT) VALUES (8, 15, 99);
INSERT INTO library.SHELVE_has_BOOK (SHELVE_ID, BOOK_ID, INSTANCES_LEFT) VALUES (11, 15, 77);
INSERT INTO library.SHELVE_has_BOOK (SHELVE_ID, BOOK_ID, INSTANCES_LEFT) VALUES (5, 16, 40);
INSERT INTO library.SHELVE_has_BOOK (SHELVE_ID, BOOK_ID, INSTANCES_LEFT) VALUES (2, 16, 21);
INSERT INTO library.SHELVE_has_BOOK (SHELVE_ID, BOOK_ID, INSTANCES_LEFT) VALUES (7, 16, 50);
INSERT INTO library.SHELVE_has_BOOK (SHELVE_ID, BOOK_ID, INSTANCES_LEFT) VALUES (4, 16, 75);
INSERT INTO library.SHELVE_has_BOOK (SHELVE_ID, BOOK_ID, INSTANCES_LEFT) VALUES (3, 16, 97);
INSERT INTO library.SHELVE_has_BOOK (SHELVE_ID, BOOK_ID, INSTANCES_LEFT) VALUES (11, 16, 97);
INSERT INTO library.SHELVE_has_BOOK (SHELVE_ID, BOOK_ID, INSTANCES_LEFT) VALUES (6, 16, 23);
INSERT INTO library.SHELVE_has_BOOK (SHELVE_ID, BOOK_ID, INSTANCES_LEFT) VALUES (7, 17, 29);
INSERT INTO library.SHELVE_has_BOOK (SHELVE_ID, BOOK_ID, INSTANCES_LEFT) VALUES (1, 17, 98);
INSERT INTO library.SHELVE_has_BOOK (SHELVE_ID, BOOK_ID, INSTANCES_LEFT) VALUES (8, 17, 30);
INSERT INTO library.SHELVE_has_BOOK (SHELVE_ID, BOOK_ID, INSTANCES_LEFT) VALUES (11, 17, 23);
INSERT INTO library.SHELVE_has_BOOK (SHELVE_ID, BOOK_ID, INSTANCES_LEFT) VALUES (6, 17, 88);
INSERT INTO library.SHELVE_has_BOOK (SHELVE_ID, BOOK_ID, INSTANCES_LEFT) VALUES (4, 18, 79);
INSERT INTO library.SHELVE_has_BOOK (SHELVE_ID, BOOK_ID, INSTANCES_LEFT) VALUES (5, 18, 53);
INSERT INTO library.SHELVE_has_BOOK (SHELVE_ID, BOOK_ID, INSTANCES_LEFT) VALUES (7, 18, 48);
INSERT INTO library.SHELVE_has_BOOK (SHELVE_ID, BOOK_ID, INSTANCES_LEFT) VALUES (6, 19, 87);
INSERT INTO library.SHELVE_has_BOOK (SHELVE_ID, BOOK_ID, INSTANCES_LEFT) VALUES (7, 19, 25);
INSERT INTO library.SHELVE_has_BOOK (SHELVE_ID, BOOK_ID, INSTANCES_LEFT) VALUES (1, 20, 10);
INSERT INTO library.SHELVE_has_BOOK (SHELVE_ID, BOOK_ID, INSTANCES_LEFT) VALUES (3, 20, 23);
INSERT INTO library.SHELVE_has_BOOK (SHELVE_ID, BOOK_ID, INSTANCES_LEFT) VALUES (11, 20, 22);
INSERT INTO library.SHELVE_has_BOOK (SHELVE_ID, BOOK_ID, INSTANCES_LEFT) VALUES (3, 21, 24);
INSERT INTO library.SHELVE_has_BOOK (SHELVE_ID, BOOK_ID, INSTANCES_LEFT) VALUES (4, 21, 80);
INSERT INTO library.SHELVE_has_BOOK (SHELVE_ID, BOOK_ID, INSTANCES_LEFT) VALUES (11, 21, 13);
INSERT INTO library.SHELVE_has_BOOK (SHELVE_ID, BOOK_ID, INSTANCES_LEFT) VALUES (6, 22, 88);
INSERT INTO library.SHELVE_has_BOOK (SHELVE_ID, BOOK_ID, INSTANCES_LEFT) VALUES (11, 23, 66);
INSERT INTO library.SHELVE_has_BOOK (SHELVE_ID, BOOK_ID, INSTANCES_LEFT) VALUES (9, 23, 15);
INSERT INTO library.SHELVE_has_BOOK (SHELVE_ID, BOOK_ID, INSTANCES_LEFT) VALUES (6, 23, 83);
INSERT INTO library.SHELVE_has_BOOK (SHELVE_ID, BOOK_ID, INSTANCES_LEFT) VALUES (8, 23, 20);
INSERT INTO library.SHELVE_has_BOOK (SHELVE_ID, BOOK_ID, INSTANCES_LEFT) VALUES (5, 23, 12);
INSERT INTO library.SHELVE_has_BOOK (SHELVE_ID, BOOK_ID, INSTANCES_LEFT) VALUES (10, 23, 16);
INSERT INTO library.SHELVE_has_BOOK (SHELVE_ID, BOOK_ID, INSTANCES_LEFT) VALUES (1, 23, 65);
INSERT INTO library.SHELVE_has_BOOK (SHELVE_ID, BOOK_ID, INSTANCES_LEFT) VALUES (11, 24, 13);
INSERT INTO library.SHELVE_has_BOOK (SHELVE_ID, BOOK_ID, INSTANCES_LEFT) VALUES (4, 24, 42);
INSERT INTO library.SHELVE_has_BOOK (SHELVE_ID, BOOK_ID, INSTANCES_LEFT) VALUES (10, 24, 21);
INSERT INTO library.SHELVE_has_BOOK (SHELVE_ID, BOOK_ID, INSTANCES_LEFT) VALUES (3, 24, 95);
INSERT INTO library.SHELVE_has_BOOK (SHELVE_ID, BOOK_ID, INSTANCES_LEFT) VALUES (1, 25, 88);
INSERT INTO library.SHELVE_has_BOOK (SHELVE_ID, BOOK_ID, INSTANCES_LEFT) VALUES (9, 25, 41);
INSERT INTO library.SHELVE_has_BOOK (SHELVE_ID, BOOK_ID, INSTANCES_LEFT) VALUES (8, 25, 98);
INSERT INTO library.SHELVE_has_BOOK (SHELVE_ID, BOOK_ID, INSTANCES_LEFT) VALUES (6, 25, 18);
INSERT INTO library.SHELVE_has_BOOK (SHELVE_ID, BOOK_ID, INSTANCES_LEFT) VALUES (2, 25, 17);
INSERT INTO library.SHELVE_has_BOOK (SHELVE_ID, BOOK_ID, INSTANCES_LEFT) VALUES (5, 25, 85);
INSERT INTO library.SHELVE_has_BOOK (SHELVE_ID, BOOK_ID, INSTANCES_LEFT) VALUES (6, 26, 6);
INSERT INTO library.SHELVE_has_BOOK (SHELVE_ID, BOOK_ID, INSTANCES_LEFT) VALUES (10, 26, 98);
INSERT INTO library.SHELVE_has_BOOK (SHELVE_ID, BOOK_ID, INSTANCES_LEFT) VALUES (11, 26, 100);
INSERT INTO library.SHELVE_has_BOOK (SHELVE_ID, BOOK_ID, INSTANCES_LEFT) VALUES (7, 26, 79);
INSERT INTO library.SHELVE_has_BOOK (SHELVE_ID, BOOK_ID, INSTANCES_LEFT) VALUES (3, 26, 59);
INSERT INTO library.SHELVE_has_BOOK (SHELVE_ID, BOOK_ID, INSTANCES_LEFT) VALUES (6, 27, 33);
INSERT INTO library.SHELVE_has_BOOK (SHELVE_ID, BOOK_ID, INSTANCES_LEFT) VALUES (1, 27, 56);
INSERT INTO library.SHELVE_has_BOOK (SHELVE_ID, BOOK_ID, INSTANCES_LEFT) VALUES (5, 27, 50);
INSERT INTO library.SHELVE_has_BOOK (SHELVE_ID, BOOK_ID, INSTANCES_LEFT) VALUES (4, 27, 47);
INSERT INTO library.SHELVE_has_BOOK (SHELVE_ID, BOOK_ID, INSTANCES_LEFT) VALUES (2, 27, 6);
INSERT INTO library.SHELVE_has_BOOK (SHELVE_ID, BOOK_ID, INSTANCES_LEFT) VALUES (2, 28, 59);
INSERT INTO library.SHELVE_has_BOOK (SHELVE_ID, BOOK_ID, INSTANCES_LEFT) VALUES (10, 28, 70);
INSERT INTO library.SHELVE_has_BOOK (SHELVE_ID, BOOK_ID, INSTANCES_LEFT) VALUES (3, 28, 28);
INSERT INTO library.SHELVE_has_BOOK (SHELVE_ID, BOOK_ID, INSTANCES_LEFT) VALUES (8, 29, 69);
INSERT INTO library.SHELVE_has_BOOK (SHELVE_ID, BOOK_ID, INSTANCES_LEFT) VALUES (11, 29, 83);
INSERT INTO library.SHELVE_has_BOOK (SHELVE_ID, BOOK_ID, INSTANCES_LEFT) VALUES (10, 29, 49);
INSERT INTO library.SHELVE_has_BOOK (SHELVE_ID, BOOK_ID, INSTANCES_LEFT) VALUES (9, 29, 71);
INSERT INTO library.SHELVE_has_BOOK (SHELVE_ID, BOOK_ID, INSTANCES_LEFT) VALUES (5, 29, 10);
INSERT INTO library.SHELVE_has_BOOK (SHELVE_ID, BOOK_ID, INSTANCES_LEFT) VALUES (6, 29, 82);
INSERT INTO library.SHELVE_has_BOOK (SHELVE_ID, BOOK_ID, INSTANCES_LEFT) VALUES (6, 30, 66);
INSERT INTO library.SHELVE_has_BOOK (SHELVE_ID, BOOK_ID, INSTANCES_LEFT) VALUES (7, 30, 49);
INSERT INTO library.SHELVE_has_BOOK (SHELVE_ID, BOOK_ID, INSTANCES_LEFT) VALUES (5, 30, 97);
INSERT INTO library.SHELVE_has_BOOK (SHELVE_ID, BOOK_ID, INSTANCES_LEFT) VALUES (9, 30, 73);
INSERT INTO library.SHELVE_has_BOOK (SHELVE_ID, BOOK_ID, INSTANCES_LEFT) VALUES (4, 30, 91);
INSERT INTO library.SHELVE_has_BOOK (SHELVE_ID, BOOK_ID, INSTANCES_LEFT) VALUES (1, 30, 23);
INSERT INTO library.SHELVE_has_BOOK (SHELVE_ID, BOOK_ID, INSTANCES_LEFT) VALUES (10, 30, 92);
INSERT INTO library.SHELVE_has_BOOK (SHELVE_ID, BOOK_ID, INSTANCES_LEFT) VALUES (1, 31, 25);
INSERT INTO library.SHELVE_has_BOOK (SHELVE_ID, BOOK_ID, INSTANCES_LEFT) VALUES (7, 31, 44);
INSERT INTO library.SHELVE_has_BOOK (SHELVE_ID, BOOK_ID, INSTANCES_LEFT) VALUES (4, 31, 9);
INSERT INTO library.SHELVE_has_BOOK (SHELVE_ID, BOOK_ID, INSTANCES_LEFT) VALUES (8, 31, 6);
INSERT INTO library.SHELVE_has_BOOK (SHELVE_ID, BOOK_ID, INSTANCES_LEFT) VALUES (4, 32, 55);
INSERT INTO library.SHELVE_has_BOOK (SHELVE_ID, BOOK_ID, INSTANCES_LEFT) VALUES (8, 32, 33);
INSERT INTO library.SHELVE_has_BOOK (SHELVE_ID, BOOK_ID, INSTANCES_LEFT) VALUES (2, 33, 36);
INSERT INTO library.SHELVE_has_BOOK (SHELVE_ID, BOOK_ID, INSTANCES_LEFT) VALUES (8, 33, 12);
INSERT INTO library.SHELVE_has_BOOK (SHELVE_ID, BOOK_ID, INSTANCES_LEFT) VALUES (7, 33, 13);
INSERT INTO library.SHELVE_has_BOOK (SHELVE_ID, BOOK_ID, INSTANCES_LEFT) VALUES (5, 33, 71);
INSERT INTO library.SHELVE_has_BOOK (SHELVE_ID, BOOK_ID, INSTANCES_LEFT) VALUES (6, 33, 87);
INSERT INTO library.SHELVE_has_BOOK (SHELVE_ID, BOOK_ID, INSTANCES_LEFT) VALUES (3, 33, 57);
INSERT INTO library.SHELVE_has_BOOK (SHELVE_ID, BOOK_ID, INSTANCES_LEFT) VALUES (9, 33, 12);
INSERT INTO library.SHELVE_has_BOOK (SHELVE_ID, BOOK_ID, INSTANCES_LEFT) VALUES (10, 33, 53);
INSERT INTO library.SHELVE_has_BOOK (SHELVE_ID, BOOK_ID, INSTANCES_LEFT) VALUES (2, 34, 8);
INSERT INTO library.SHELVE_has_BOOK (SHELVE_ID, BOOK_ID, INSTANCES_LEFT) VALUES (10, 34, 30);
INSERT INTO library.SHELVE_has_BOOK (SHELVE_ID, BOOK_ID, INSTANCES_LEFT) VALUES (7, 35, 94);
INSERT INTO library.SHELVE_has_BOOK (SHELVE_ID, BOOK_ID, INSTANCES_LEFT) VALUES (4, 35, 15);
INSERT INTO library.SHELVE_has_BOOK (SHELVE_ID, BOOK_ID, INSTANCES_LEFT) VALUES (2, 35, 69);
INSERT INTO library.SHELVE_has_BOOK (SHELVE_ID, BOOK_ID, INSTANCES_LEFT) VALUES (1, 36, 51);
INSERT INTO library.SHELVE_has_BOOK (SHELVE_ID, BOOK_ID, INSTANCES_LEFT) VALUES (9, 36, 36);
INSERT INTO library.SHELVE_has_BOOK (SHELVE_ID, BOOK_ID, INSTANCES_LEFT) VALUES (11, 36, 98);
INSERT INTO library.SHELVE_has_BOOK (SHELVE_ID, BOOK_ID, INSTANCES_LEFT) VALUES (6, 36, 56);
INSERT INTO library.SHELVE_has_BOOK (SHELVE_ID, BOOK_ID, INSTANCES_LEFT) VALUES (10, 37, 100);
INSERT INTO library.SHELVE_has_BOOK (SHELVE_ID, BOOK_ID, INSTANCES_LEFT) VALUES (3, 37, 71);
INSERT INTO library.SHELVE_has_BOOK (SHELVE_ID, BOOK_ID, INSTANCES_LEFT) VALUES (8, 37, 81);
INSERT INTO library.SHELVE_has_BOOK (SHELVE_ID, BOOK_ID, INSTANCES_LEFT) VALUES (6, 37, 32);
INSERT INTO library.SHELVE_has_BOOK (SHELVE_ID, BOOK_ID, INSTANCES_LEFT) VALUES (3, 38, 86);
INSERT INTO library.SHELVE_has_BOOK (SHELVE_ID, BOOK_ID, INSTANCES_LEFT) VALUES (5, 38, 30);
INSERT INTO library.SHELVE_has_BOOK (SHELVE_ID, BOOK_ID, INSTANCES_LEFT) VALUES (2, 39, 62);
INSERT INTO library.SHELVE_has_BOOK (SHELVE_ID, BOOK_ID, INSTANCES_LEFT) VALUES (10, 39, 48);
INSERT INTO library.SHELVE_has_BOOK (SHELVE_ID, BOOK_ID, INSTANCES_LEFT) VALUES (1, 39, 26);
INSERT INTO library.SHELVE_has_BOOK (SHELVE_ID, BOOK_ID, INSTANCES_LEFT) VALUES (5, 39, 67);
INSERT INTO library.SHELVE_has_BOOK (SHELVE_ID, BOOK_ID, INSTANCES_LEFT) VALUES (7, 40, 28);
INSERT INTO library.SHELVE_has_BOOK (SHELVE_ID, BOOK_ID, INSTANCES_LEFT) VALUES (10, 40, 50);
INSERT INTO library.SHELVE_has_BOOK (SHELVE_ID, BOOK_ID, INSTANCES_LEFT) VALUES (2, 40, 18);
INSERT INTO library.SHELVE_has_BOOK (SHELVE_ID, BOOK_ID, INSTANCES_LEFT) VALUES (9, 40, 33);
INSERT INTO library.SHELVE_has_BOOK (SHELVE_ID, BOOK_ID, INSTANCES_LEFT) VALUES (5, 40, 45);
INSERT INTO library.SHELVE_has_BOOK (SHELVE_ID, BOOK_ID, INSTANCES_LEFT) VALUES (8, 40, 89);
INSERT INTO library.SHELVE_has_BOOK (SHELVE_ID, BOOK_ID, INSTANCES_LEFT) VALUES (1, 40, 100);
INSERT INTO library.SHELVE_has_BOOK (SHELVE_ID, BOOK_ID, INSTANCES_LEFT) VALUES (10, 41, 31);
INSERT INTO library.SHELVE_has_BOOK (SHELVE_ID, BOOK_ID, INSTANCES_LEFT) VALUES (5, 41, 99);
INSERT INTO library.SHELVE_has_BOOK (SHELVE_ID, BOOK_ID, INSTANCES_LEFT) VALUES (1, 41, 21);
INSERT INTO library.SHELVE_has_BOOK (SHELVE_ID, BOOK_ID, INSTANCES_LEFT) VALUES (4, 41, 94);
INSERT INTO library.SHELVE_has_BOOK (SHELVE_ID, BOOK_ID, INSTANCES_LEFT) VALUES (11, 41, 61);
INSERT INTO library.SHELVE_has_BOOK (SHELVE_ID, BOOK_ID, INSTANCES_LEFT) VALUES (9, 41, 96);
INSERT INTO library.SHELVE_has_BOOK (SHELVE_ID, BOOK_ID, INSTANCES_LEFT) VALUES (6, 41, 10);
INSERT INTO library.SHELVE_has_BOOK (SHELVE_ID, BOOK_ID, INSTANCES_LEFT) VALUES (2, 42, 6);
INSERT INTO library.SHELVE_has_BOOK (SHELVE_ID, BOOK_ID, INSTANCES_LEFT) VALUES (2, 43, 9);
INSERT INTO library.SHELVE_has_BOOK (SHELVE_ID, BOOK_ID, INSTANCES_LEFT) VALUES (1, 43, 26);
INSERT INTO library.SHELVE_has_BOOK (SHELVE_ID, BOOK_ID, INSTANCES_LEFT) VALUES (5, 43, 85);
INSERT INTO library.SHELVE_has_BOOK (SHELVE_ID, BOOK_ID, INSTANCES_LEFT) VALUES (6, 43, 56);
INSERT INTO library.SHELVE_has_BOOK (SHELVE_ID, BOOK_ID, INSTANCES_LEFT) VALUES (11, 43, 93);
INSERT INTO library.SHELVE_has_BOOK (SHELVE_ID, BOOK_ID, INSTANCES_LEFT) VALUES (9, 43, 70);
INSERT INTO library.SHELVE_has_BOOK (SHELVE_ID, BOOK_ID, INSTANCES_LEFT) VALUES (10, 43, 80);
INSERT INTO library.SHELVE_has_BOOK (SHELVE_ID, BOOK_ID, INSTANCES_LEFT) VALUES (8, 44, 97);
INSERT INTO library.SHELVE_has_BOOK (SHELVE_ID, BOOK_ID, INSTANCES_LEFT) VALUES (1, 44, 59);
INSERT INTO library.SHELVE_has_BOOK (SHELVE_ID, BOOK_ID, INSTANCES_LEFT) VALUES (6, 44, 77);
INSERT INTO library.SHELVE_has_BOOK (SHELVE_ID, BOOK_ID, INSTANCES_LEFT) VALUES (7, 44, 11);
INSERT INTO library.SHELVE_has_BOOK (SHELVE_ID, BOOK_ID, INSTANCES_LEFT) VALUES (5, 44, 36);
INSERT INTO library.SHELVE_has_BOOK (SHELVE_ID, BOOK_ID, INSTANCES_LEFT) VALUES (3, 44, 39);
INSERT INTO library.SHELVE_has_BOOK (SHELVE_ID, BOOK_ID, INSTANCES_LEFT) VALUES (4, 44, 62);
INSERT INTO library.SHELVE_has_BOOK (SHELVE_ID, BOOK_ID, INSTANCES_LEFT) VALUES (10, 44, 48);

COMMIT;


-- -----------------------------------------------------
-- Data for table library.COUNTRY
-- -----------------------------------------------------
START TRANSACTION;
USE library;
INSERT INTO library.COUNTRY (ID, SHORT_NM, FULL_NM) VALUES (1, 'RU', 'Россия');
INSERT INTO library.COUNTRY (ID, SHORT_NM, FULL_NM) VALUES (2, 'AU', 'Австрия');
INSERT INTO library.COUNTRY (ID, SHORT_NM, FULL_NM) VALUES (3, 'PL', 'Польша');
INSERT INTO library.COUNTRY (ID, SHORT_NM, FULL_NM) VALUES (4, 'US', 'США');
INSERT INTO library.COUNTRY (ID, SHORT_NM, FULL_NM) VALUES (5, 'GB', 'Великобритания');
INSERT INTO library.COUNTRY (ID, SHORT_NM, FULL_NM) VALUES (6, 'FR', 'Франция');

COMMIT;


-- -----------------------------------------------------
-- Data for table library.AUTHOR
-- -----------------------------------------------------
START TRANSACTION;
USE library;
INSERT INTO library.AUTHOR (ID, FIRST_NAME, LAST_NAME, PATRONYMIC, BIRTH_DATE, COUNTRY_ID) VALUES (1, 'Лев', 'Толстой', 'Николаевич', '1828-09-09', 1);
INSERT INTO library.AUTHOR (ID, FIRST_NAME, LAST_NAME, PATRONYMIC, BIRTH_DATE, COUNTRY_ID) VALUES (2, 'Николай', 'Гоголь', 'Васильевич', '189-04-01', 1);
INSERT INTO library.AUTHOR (ID, FIRST_NAME, LAST_NAME, PATRONYMIC, BIRTH_DATE, COUNTRY_ID) VALUES (3, 'Густав', 'Майринк', NULL, '1868-01-19', 2);
INSERT INTO library.AUTHOR (ID, FIRST_NAME, LAST_NAME, PATRONYMIC, BIRTH_DATE, COUNTRY_ID) VALUES (4, 'Аркадий', 'Стругацкий', 'Натанович', '1925-08-28', 1);
INSERT INTO library.AUTHOR (ID, FIRST_NAME, LAST_NAME, PATRONYMIC, BIRTH_DATE, COUNTRY_ID) VALUES (5, 'Борис', 'Стругацкий', 'Натанович', '1933-04-15', 1);
INSERT INTO library.AUTHOR (ID, FIRST_NAME, LAST_NAME, PATRONYMIC, BIRTH_DATE, COUNTRY_ID) VALUES (6, 'Анджей', 'Сапковский', NULL, '1948-06-21', 3);
INSERT INTO library.AUTHOR (ID, FIRST_NAME, LAST_NAME, PATRONYMIC, BIRTH_DATE, COUNTRY_ID) VALUES (7, 'Александр', 'Пушкин', 'Сергеевич', '1799-06-06', 1);
INSERT INTO library.AUTHOR (ID, FIRST_NAME, LAST_NAME, PATRONYMIC, BIRTH_DATE, COUNTRY_ID) VALUES (8, 'Дуглас', 'Адамс', NULL, '1952-03-11', 5);
INSERT INTO library.AUTHOR (ID, FIRST_NAME, LAST_NAME, PATRONYMIC, BIRTH_DATE, COUNTRY_ID) VALUES (9, 'Айзек', 'Азимов', NULL, '1920-01-01', 4);
INSERT INTO library.AUTHOR (ID, FIRST_NAME, LAST_NAME, PATRONYMIC, BIRTH_DATE, COUNTRY_ID) VALUES (10, 'Стивен', 'Кинг', NULL, '1947-09-21', 4);
INSERT INTO library.AUTHOR (ID, FIRST_NAME, LAST_NAME, PATRONYMIC, BIRTH_DATE, COUNTRY_ID) VALUES (11, 'Альбер', 'Камю', NULL, '1913-10-07', 6);
INSERT INTO library.AUTHOR (ID, FIRST_NAME, LAST_NAME, PATRONYMIC, BIRTH_DATE, COUNTRY_ID) VALUES (12, 'Герберт', 'Уэллс', NULL, '1966-09-21', 5);
INSERT INTO library.AUTHOR (ID, FIRST_NAME, LAST_NAME, PATRONYMIC, BIRTH_DATE, COUNTRY_ID) VALUES (13, 'Фрэнсис Скотт', 'Фицджеральд', NULL, '1896-09-24', 4);
INSERT INTO library.AUTHOR (ID, FIRST_NAME, LAST_NAME, PATRONYMIC, BIRTH_DATE, COUNTRY_ID) VALUES (14, 'Дэниел', 'Киз', NULL, '1927-08-09', 4);
INSERT INTO library.AUTHOR (ID, FIRST_NAME, LAST_NAME, PATRONYMIC, BIRTH_DATE, COUNTRY_ID) VALUES (15, 'Джордж', 'Оруэлл', NULL, '1903-06-25', 5);
INSERT INTO library.AUTHOR (ID, FIRST_NAME, LAST_NAME, PATRONYMIC, BIRTH_DATE, COUNTRY_ID) VALUES (16, 'Евгений', 'Замятин', 'Иванович', '1884-01-20', 1);

COMMIT;


-- -----------------------------------------------------
-- Data for table library.BOOK_has_AUTHOR
-- -----------------------------------------------------
START TRANSACTION;
USE library;
INSERT INTO library.BOOK_has_AUTHOR (BOOK_ID, AUTHOR_ID) VALUES (1, 1);
INSERT INTO library.BOOK_has_AUTHOR (BOOK_ID, AUTHOR_ID) VALUES (2, 1);
INSERT INTO library.BOOK_has_AUTHOR (BOOK_ID, AUTHOR_ID) VALUES (3, 1);
INSERT INTO library.BOOK_has_AUTHOR (BOOK_ID, AUTHOR_ID) VALUES (4, 1);
INSERT INTO library.BOOK_has_AUTHOR (BOOK_ID, AUTHOR_ID) VALUES (37, 1);
INSERT INTO library.BOOK_has_AUTHOR (BOOK_ID, AUTHOR_ID) VALUES (38, 1);
INSERT INTO library.BOOK_has_AUTHOR (BOOK_ID, AUTHOR_ID) VALUES (39, 1);
INSERT INTO library.BOOK_has_AUTHOR (BOOK_ID, AUTHOR_ID) VALUES (40, 1);
INSERT INTO library.BOOK_has_AUTHOR (BOOK_ID, AUTHOR_ID) VALUES (41, 1);
INSERT INTO library.BOOK_has_AUTHOR (BOOK_ID, AUTHOR_ID) VALUES (42, 1);
INSERT INTO library.BOOK_has_AUTHOR (BOOK_ID, AUTHOR_ID) VALUES (43, 1);
INSERT INTO library.BOOK_has_AUTHOR (BOOK_ID, AUTHOR_ID) VALUES (44, 1);
INSERT INTO library.BOOK_has_AUTHOR (BOOK_ID, AUTHOR_ID) VALUES (6, 1);
INSERT INTO library.BOOK_has_AUTHOR (BOOK_ID, AUTHOR_ID) VALUES (31, 1);
INSERT INTO library.BOOK_has_AUTHOR (BOOK_ID, AUTHOR_ID) VALUES (32, 1);
INSERT INTO library.BOOK_has_AUTHOR (BOOK_ID, AUTHOR_ID) VALUES (29, 15);
INSERT INTO library.BOOK_has_AUTHOR (BOOK_ID, AUTHOR_ID) VALUES (34, 15);
INSERT INTO library.BOOK_has_AUTHOR (BOOK_ID, AUTHOR_ID) VALUES (35, 15);
INSERT INTO library.BOOK_has_AUTHOR (BOOK_ID, AUTHOR_ID) VALUES (18, 8);
INSERT INTO library.BOOK_has_AUTHOR (BOOK_ID, AUTHOR_ID) VALUES (33, 8);
INSERT INTO library.BOOK_has_AUTHOR (BOOK_ID, AUTHOR_ID) VALUES (14, 6);
INSERT INTO library.BOOK_has_AUTHOR (BOOK_ID, AUTHOR_ID) VALUES (15, 6);
INSERT INTO library.BOOK_has_AUTHOR (BOOK_ID, AUTHOR_ID) VALUES (13, 6);
INSERT INTO library.BOOK_has_AUTHOR (BOOK_ID, AUTHOR_ID) VALUES (11, 6);
INSERT INTO library.BOOK_has_AUTHOR (BOOK_ID, AUTHOR_ID) VALUES (10, 6);
INSERT INTO library.BOOK_has_AUTHOR (BOOK_ID, AUTHOR_ID) VALUES (9, 6);
INSERT INTO library.BOOK_has_AUTHOR (BOOK_ID, AUTHOR_ID) VALUES (16, 6);
INSERT INTO library.BOOK_has_AUTHOR (BOOK_ID, AUTHOR_ID) VALUES (12, 6);
INSERT INTO library.BOOK_has_AUTHOR (BOOK_ID, AUTHOR_ID) VALUES (7, 3);
INSERT INTO library.BOOK_has_AUTHOR (BOOK_ID, AUTHOR_ID) VALUES (20, 9);
INSERT INTO library.BOOK_has_AUTHOR (BOOK_ID, AUTHOR_ID) VALUES (19, 9);
INSERT INTO library.BOOK_has_AUTHOR (BOOK_ID, AUTHOR_ID) VALUES (17, 7);
INSERT INTO library.BOOK_has_AUTHOR (BOOK_ID, AUTHOR_ID) VALUES (8, 4);
INSERT INTO library.BOOK_has_AUTHOR (BOOK_ID, AUTHOR_ID) VALUES (21, 4);
INSERT INTO library.BOOK_has_AUTHOR (BOOK_ID, AUTHOR_ID) VALUES (8, 5);
INSERT INTO library.BOOK_has_AUTHOR (BOOK_ID, AUTHOR_ID) VALUES (21, 5);
INSERT INTO library.BOOK_has_AUTHOR (BOOK_ID, AUTHOR_ID) VALUES (27, 13);
INSERT INTO library.BOOK_has_AUTHOR (BOOK_ID, AUTHOR_ID) VALUES (26, 12);
INSERT INTO library.BOOK_has_AUTHOR (BOOK_ID, AUTHOR_ID) VALUES (30, 16);
INSERT INTO library.BOOK_has_AUTHOR (BOOK_ID, AUTHOR_ID) VALUES (5, 2);
INSERT INTO library.BOOK_has_AUTHOR (BOOK_ID, AUTHOR_ID) VALUES (22, 10);
INSERT INTO library.BOOK_has_AUTHOR (BOOK_ID, AUTHOR_ID) VALUES (23, 10);
INSERT INTO library.BOOK_has_AUTHOR (BOOK_ID, AUTHOR_ID) VALUES (36, 10);
INSERT INTO library.BOOK_has_AUTHOR (BOOK_ID, AUTHOR_ID) VALUES (24, 11);
INSERT INTO library.BOOK_has_AUTHOR (BOOK_ID, AUTHOR_ID) VALUES (25, 11);
INSERT INTO library.BOOK_has_AUTHOR (BOOK_ID, AUTHOR_ID) VALUES (28, 14);

COMMIT;

